Job Title,Company Name,Location,Sector,Processed_JD
Product Manager,Data Corp,Kolkata,IT,Develop and implement marketing strategies.
Marketing Specialist,Design Studio,Bangalore,Retail,Responsible for developing and maintaining software applications.
Software Engineer,Tech Solutions,Ahmedabad,Healthcare,Create visual concepts to communicate ideas.
Graphic Designer,Design Studio,Hyderabad,IT,Manage product development from ideation to launch.
Software Engineer,Market Experts,Hyderabad,Healthcare,Analyze data to provide business insights.
Software Engineer,Data Corp,Chennai,Retail,Develop and implement marketing strategies.
Graphic Designer,Market Experts,Lucknow,Finance,Create visual concepts to communicate ideas.
Data Scientist,Tech Solutions,Hyderabad,Finance,Manage product development from ideation to launch.
Graphic Designer,Market Experts,Kolkata,IT,Create visual concepts to communicate ideas.
Marketing Specialist,Innovate Ltd.,Kolkata,IT,Manage product development from ideation to launch.
Graphic Designer,Market Experts,Lucknow,IT,Manage product development from ideation to launch.
Data Scientist,Innovate Ltd.,Kolkata,Education,Develop and implement marketing strategies.
Graphic Designer,Data Corp,Ahmedabad,IT,Create visual concepts to communicate ideas.
Product Manager,Data Corp,Mumbai,Healthcare,Develop and implement marketing strategies.
Data Scientist,Market Experts,Delhi,Finance,Manage product development from ideation to launch.
Graphic Designer,Design Studio,Hyderabad,Education,Analyze data to provide business insights.
Data Scientist,Tech Solutions,Bangalore,Education,Responsible for developing and maintaining software applications.
Product Manager,Tech Solutions,Bangalore,Education,Manage product development from ideation to launch.
Software Engineer,Data Corp,Lucknow,Education,Analyze data to provide business insights.
Product Manager,Data Corp,Delhi,Education,Manage product development from ideation to launch.
Graphic Designer,Design Studio,Pune,Finance,Develop and implement marketing strategies.
Graphic Designer,Tech Solutions,Jaipur,IT,Responsible for developing and maintaining software applications.
Marketing Specialist,Design Studio,Chennai,IT,Create visual concepts to communicate ideas.
Marketing Specialist,Data Corp,Kolkata,Retail,Analyze data to provide business insights.
Data Scientist,Design Studio,Kolkata,IT,Create visual concepts to communicate ideas.
Marketing Specialist,Tech Solutions,Ahmedabad,Education,Responsible for developing and maintaining software applications.
Software Engineer,Market Experts,Kolkata,IT,Develop and implement marketing strategies.
Marketing Specialist,Market Experts,Kolkata,Healthcare,Create visual concepts to communicate ideas.
Graphic Designer,Market Experts,Kolkata,Retail,Create visual concepts to communicate ideas.
Software Engineer,Innovate Ltd.,Chennai,Education,Develop and implement marketing strategies.
Product Manager,Market Experts,Ahmedabad,IT,Manage product development from ideation to launch.
Graphic Designer,Innovate Ltd.,Hyderabad,Retail,Develop and implement marketing strategies.
Data Scientist,Design Studio,Chennai,Finance,Create visual concepts to communicate ideas.
Graphic Designer,Tech Solutions,Mumbai,IT,Develop and implement marketing strategies.
Data Scientist,Innovate Ltd.,Ahmedabad,Finance,Analyze data to provide business insights.
Product Manager,Market Experts,Jaipur,Retail,Analyze data to provide business insights.
Software Engineer,Data Corp,Delhi,Healthcare,Create visual concepts to communicate ideas.
Marketing Specialist,Data Corp,Chennai,Healthcare,Develop and implement marketing strategies.
Software Engineer,Data Corp,Ahmedabad,IT,Develop and implement marketing strategies.
Product Manager,Market Experts,Chennai,Education,Develop and implement marketing strategies.
Marketing Specialist,Design Studio,Mumbai,Healthcare,Analyze data to provide business insights.
Software Engineer,Innovate Ltd.,Hyderabad,Healthcare,Analyze data to provide business insights.
Software Engineer,Tech Solutions,Pune,Retail,Analyze data to provide business insights.
Data Scientist,Innovate Ltd.,Mumbai,Retail,Analyze data to provide business insights.
Data Scientist,Design Studio,Mumbai,Healthcare,Analyze data to provide business insights.
Software Engineer,Data Corp,Delhi,Education,Analyze data to provide business insights.
Data Scientist,Innovate Ltd.,Lucknow,Healthcare,Responsible for developing and maintaining software applications.
Marketing Specialist,Tech Solutions,Chennai,Healthcare,Manage product development from ideation to launch.
Product Manager,Market Experts,Pune,Retail,Manage product development from ideation to launch.
Software Engineer,Tech Solutions,Jaipur,IT,Develop and implement marketing strategies.
Marketing Specialist,Market Experts,Delhi,Retail,Create visual concepts to communicate ideas.
Software Engineer,Market Experts,Ahmedabad,Healthcare,Responsible for developing and maintaining software applications.
Marketing Specialist,Data Corp,Mumbai,IT,Responsible for developing and maintaining software applications.
Graphic Designer,Tech Solutions,Chennai,Education,Create visual concepts to communicate ideas.
Graphic Designer,Data Corp,Lucknow,Finance,Manage product development from ideation to launch.
Product Manager,Innovate Ltd.,Jaipur,IT,Analyze data to provide business insights.
Software Engineer,Tech Solutions,Mumbai,Healthcare,Develop and implement marketing strategies.
Software Engineer,Tech Solutions,Lucknow,Education,Create visual concepts to communicate ideas.
Graphic Designer,Data Corp,Delhi,Education,Responsible for developing and maintaining software applications.
Software Engineer,Design Studio,Kolkata,Retail,Responsible for developing and maintaining software applications.
Marketing Specialist,Design Studio,Ahmedabad,Healthcare,Develop and implement marketing strategies.
Product Manager,Innovate Ltd.,Lucknow,IT,Create visual concepts to communicate ideas.
Graphic Designer,Innovate Ltd.,Delhi,Finance,Manage product development from ideation to launch.
Graphic Designer,Market Experts,Jaipur,Retail,Develop and implement marketing strategies.
Software Engineer,Innovate Ltd.,Lucknow,Retail,Analyze data to provide business insights.
Product Manager,Innovate Ltd.,Lucknow,IT,Responsible for developing and maintaining software applications.
Data Scientist,Data Corp,Chennai,IT,Responsible for developing and maintaining software applications.
Graphic Designer,Data Corp,Bangalore,Retail,Analyze data to provide business insights.
Data Scientist,Design Studio,Lucknow,IT,Responsible for developing and maintaining software applications.
Graphic Designer,Market Experts,Pune,IT,Manage product development from ideation to launch.
Product Manager,Design Studio,Bangalore,Finance,Manage product development from ideation to launch.
Product Manager,Design Studio,Lucknow,IT,Manage product development from ideation to launch.
Marketing Specialist,Market Experts,Ahmedabad,Retail,Develop and implement marketing strategies.
Graphic Designer,Tech Solutions,Hyderabad,Retail,Responsible for developing and maintaining software applications.
Marketing Specialist,Design Studio,Hyderabad,Retail,Create visual concepts to communicate ideas.
Software Engineer,Design Studio,Kolkata,Retail,Develop and implement marketing strategies.
Product Manager,Tech Solutions,Ahmedabad,Healthcare,Manage product development from ideation to launch.
Data Scientist,Market Experts,Jaipur,Education,Responsible for developing and maintaining software applications.
Software Engineer,Design Studio,Bangalore,IT,Analyze data to provide business insights.
Data Scientist,Innovate Ltd.,Chennai,Finance,Responsible for developing and maintaining software applications.
Data Scientist,Market Experts,Kolkata,Healthcare,Analyze data to provide business insights.
Product Manager,Innovate Ltd.,Bangalore,Healthcare,Manage product development from ideation to launch.
Data Scientist,Innovate Ltd.,Hyderabad,Education,Develop and implement marketing strategies.
Software Engineer,Market Experts,Delhi,Retail,Analyze data to provide business insights.
Data Scientist,Tech Solutions,Chennai,Healthcare,Responsible for developing and maintaining software applications.
Graphic Designer,Market Experts,Delhi,Retail,Manage product development from ideation to launch.
Data Scientist,Market Experts,Bangalore,Healthcare,Manage product development from ideation to launch.
Product Manager,Innovate Ltd.,Lucknow,IT,Manage product development from ideation to launch.
Graphic Designer,Innovate Ltd.,Chennai,Retail,Create visual concepts to communicate ideas.
Product Manager,Tech Solutions,Pune,Finance,Create visual concepts to communicate ideas.
Graphic Designer,Data Corp,Chennai,Healthcare,Manage product development from ideation to launch.
Software Engineer,Market Experts,Bangalore,Education,Analyze data to provide business insights.
Software Engineer,Tech Solutions,Lucknow,Healthcare,Responsible for developing and maintaining software applications.
Marketing Specialist,Market Experts,Pune,Retail,Analyze data to provide business insights.
Product Manager,Innovate Ltd.,Delhi,IT,Manage product development from ideation to launch.
Marketing Specialist,Design Studio,Kolkata,Retail,Develop and implement marketing strategies.
Marketing Specialist,Data Corp,Mumbai,Education,Manage product development from ideation to launch.
Product Manager,Design Studio,Lucknow,Finance,Develop and implement marketing strategies.
Software Engineer,Market Experts,Delhi,Education,Develop and implement marketing strategies.
Graphic Designer,Tech Solutions,Ahmedabad,Healthcare,Analyze data to provide business insights.
Marketing Specialist,Market Experts,Kolkata,IT,Develop and implement marketing strategies.
Product Manager,Tech Solutions,Pune,Finance,Manage product development from ideation to launch.
Software Engineer,Data Corp,Pune,Education,Responsible for developing and maintaining software applications.
Data Scientist,Data Corp,Bangalore,Finance,Develop and implement marketing strategies.
Marketing Specialist,Tech Solutions,Mumbai,Retail,Create visual concepts to communicate ideas.
Product Manager,Data Corp,Bangalore,Finance,Create visual concepts to communicate ideas.
Product Manager,Design Studio,Hyderabad,Finance,Develop and implement marketing strategies.
Software Engineer,Data Corp,Pune,Education,Responsible for developing and maintaining software applications.
Graphic Designer,Tech Solutions,Chennai,Education,Responsible for developing and maintaining software applications.
Software Engineer,Design Studio,Kolkata,Retail,Create visual concepts to communicate ideas.
Product Manager,Innovate Ltd.,Chennai,Retail,Responsible for developing and maintaining software applications.
Data Scientist,Design Studio,Bangalore,Education,Create visual concepts to communicate ideas.
Software Engineer,Tech Solutions,Jaipur,Retail,Create visual concepts to communicate ideas.
Graphic Designer,Market Experts,Mumbai,Education,Responsible for developing and maintaining software applications.
Graphic Designer,Tech Solutions,Lucknow,Healthcare,Analyze data to provide business insights.
Graphic Designer,Market Experts,Kolkata,Healthcare,Analyze data to provide business insights.
Data Scientist,Data Corp,Pune,Education,Develop and implement marketing strategies.
Product Manager,Data Corp,Bangalore,IT,Responsible for developing and maintaining software applications.
Data Scientist,Tech Solutions,Chennai,Retail,Develop and implement marketing strategies.
Software Engineer,Data Corp,Delhi,Education,Responsible for developing and maintaining software applications.
Software Engineer,Data Corp,Delhi,Retail,Responsible for developing and maintaining software applications.
Marketing Specialist,Tech Solutions,Bangalore,Education,Create visual concepts to communicate ideas.
Software Engineer,Design Studio,Hyderabad,Finance,Create visual concepts to communicate ideas.
Graphic Designer,Design Studio,Chennai,Education,Create visual concepts to communicate ideas.
Marketing Specialist,Innovate Ltd.,Pune,IT,Develop and implement marketing strategies.
Software Engineer,Innovate Ltd.,Jaipur,IT,Analyze data to provide business insights.
Graphic Designer,Innovate Ltd.,Chennai,Healthcare,Analyze data to provide business insights.
Product Manager,Tech Solutions,Lucknow,Finance,Create visual concepts to communicate ideas.
Graphic Designer,Market Experts,Hyderabad,Education,Create visual concepts to communicate ideas.
Graphic Designer,Design Studio,Jaipur,Retail,Manage product development from ideation to launch.
Graphic Designer,Design Studio,Chennai,IT,Responsible for developing and maintaining software applications.
Product Manager,Innovate Ltd.,Mumbai,Education,Analyze data to provide business insights.
Data Scientist,Market Experts,Chennai,Healthcare,Develop and implement marketing strategies.
Software Engineer,Data Corp,Hyderabad,Healthcare,Create visual concepts to communicate ideas.
Data Scientist,Design Studio,Jaipur,Finance,Create visual concepts to communicate ideas.
Marketing Specialist,Tech Solutions,Mumbai,Healthcare,Analyze data to provide business insights.
Data Scientist,Market Experts,Mumbai,Retail,Responsible for developing and maintaining software applications.
Product Manager,Data Corp,Mumbai,Education,Analyze data to provide business insights.
Marketing Specialist,Innovate Ltd.,Ahmedabad,Healthcare,Develop and implement marketing strategies.
Software Engineer,Tech Solutions,Bangalore,IT,Manage product development from ideation to launch.
Product Manager,Design Studio,Pune,Finance,Create visual concepts to communicate ideas.
Software Engineer,Design Studio,Delhi,Finance,Analyze data to provide business insights.
Data Scientist,Innovate Ltd.,Jaipur,Retail,Analyze data to provide business insights.
Data Scientist,Data Corp,Delhi,IT,Analyze data to provide business insights.
Marketing Specialist,Data Corp,Kolkata,Education,Develop and implement marketing strategies.
Product Manager,Tech Solutions,Pune,IT,Analyze data to provide business insights.
Marketing Specialist,Tech Solutions,Hyderabad,Finance,Manage product development from ideation to launch.
Software Engineer,Data Corp,Delhi,IT,Responsible for developing and maintaining software applications.
Marketing Specialist,Design Studio,Jaipur,Education,Analyze data to provide business insights.
Software Engineer,Innovate Ltd.,Pune,Healthcare,Develop and implement marketing strategies.
Graphic Designer,Market Experts,Mumbai,Retail,Manage product development from ideation to launch.
Product Manager,Design Studio,Jaipur,Education,Create visual concepts to communicate ideas.
Product Manager,Design Studio,Jaipur,Healthcare,Create visual concepts to communicate ideas.
Software Engineer,Market Experts,Lucknow,Healthcare,Develop and implement marketing strategies.
Graphic Designer,Design Studio,Ahmedabad,Healthcare,Develop and implement marketing strategies.
Marketing Specialist,Innovate Ltd.,Bangalore,Retail,Responsible for developing and maintaining software applications.
Graphic Designer,Market Experts,Bangalore,Finance,Responsible for developing and maintaining software applications.
Graphic Designer,Design Studio,Mumbai,Education,Create visual concepts to communicate ideas.
Graphic Designer,Innovate Ltd.,Jaipur,Education,Create visual concepts to communicate ideas.
Data Scientist,Market Experts,Jaipur,Retail,Develop and implement marketing strategies.
Graphic Designer,Design Studio,Pune,Retail,Analyze data to provide business insights.
Data Scientist,Market Experts,Lucknow,Retail,Develop and implement marketing strategies.
Data Scientist,Data Corp,Kolkata,Healthcare,Develop and implement marketing strategies.
Marketing Specialist,Design Studio,Kolkata,IT,Create visual concepts to communicate ideas.
Data Scientist,Innovate Ltd.,Kolkata,IT,Analyze data to provide business insights.
Product Manager,Design Studio,Bangalore,Education,Manage product development from ideation to launch.
Graphic Designer,Data Corp,Lucknow,IT,Manage product development from ideation to launch.
Marketing Specialist,Tech Solutions,Lucknow,Retail,Responsible for developing and maintaining software applications.
Data Scientist,Tech Solutions,Mumbai,Retail,Manage product development from ideation to launch.
Data Scientist,Design Studio,Ahmedabad,Finance,Responsible for developing and maintaining software applications.
Product Manager,Market Experts,Bangalore,Finance,Manage product development from ideation to launch.
Marketing Specialist,Market Experts,Ahmedabad,Finance,Develop and implement marketing strategies.
Marketing Specialist,Tech Solutions,Hyderabad,IT,Create visual concepts to communicate ideas.
Product Manager,Tech Solutions,Delhi,IT,Develop and implement marketing strategies.
Product Manager,Market Experts,Kolkata,Healthcare,Responsible for developing and maintaining software applications.
Marketing Specialist,Tech Solutions,Ahmedabad,IT,Manage product development from ideation to launch.
Marketing Specialist,Data Corp,Kolkata,Education,Manage product development from ideation to launch.
Marketing Specialist,Market Experts,Jaipur,Education,Develop and implement marketing strategies.
Data Scientist,Design Studio,Lucknow,Finance,Responsible for developing and maintaining software applications.
Product Manager,Innovate Ltd.,Kolkata,Retail,Develop and implement marketing strategies.
Data Scientist,Tech Solutions,Pune,Finance,Analyze data to provide business insights.
Marketing Specialist,Market Experts,Mumbai,Healthcare,Create visual concepts to communicate ideas.
Marketing Specialist,Tech Solutions,Ahmedabad,Healthcare,Manage product development from ideation to launch.
Data Scientist,Tech Solutions,Hyderabad,Finance,Develop and implement marketing strategies.
Data Scientist,Innovate Ltd.,Bangalore,Finance,Develop and implement marketing strategies.
Data Scientist,Design Studio,Bangalore,Retail,Develop and implement marketing strategies.
Graphic Designer,Data Corp,Ahmedabad,Retail,Analyze data to provide business insights.
Marketing Specialist,Design Studio,Jaipur,IT,Manage product development from ideation to launch.
Software Engineer,Market Experts,Jaipur,Education,Develop and implement marketing strategies.
Graphic Designer,Innovate Ltd.,Pune,IT,Analyze data to provide business insights.
Marketing Specialist,Data Corp,Bangalore,IT,Develop and implement marketing strategies.
Software Engineer,Tech Solutions,Kolkata,Education,Manage product development from ideation to launch.
Marketing Specialist,Design Studio,Delhi,Finance,Analyze data to provide business insights.
Graphic Designer,Market Experts,Lucknow,Education,Responsible for developing and maintaining software applications.
Marketing Specialist,Design Studio,Bangalore,Retail,Responsible for developing and maintaining software applications.
Marketing Specialist,Tech Solutions,Mumbai,Healthcare,Analyze data to provide business insights.
Graphic Designer,Design Studio,Pune,Healthcare,Analyze data to provide business insights.
Marketing Specialist,Innovate Ltd.,Bangalore,Retail,Responsible for developing and maintaining software applications.
Graphic Designer,Market Experts,Chennai,Healthcare,Analyze data to provide business insights.
Software Engineer,Market Experts,Pune,Retail,Create visual concepts to communicate ideas.
Data Scientist,Design Studio,Jaipur,Retail,Analyze data to provide business insights.
Graphic Designer,Market Experts,Lucknow,Healthcare,Develop and implement marketing strategies.
Marketing Specialist,Market Experts,Mumbai,IT,Create visual concepts to communicate ideas.
Software Engineer,Market Experts,Bangalore,IT,Analyze data to provide business insights.
Data Scientist,Innovate Ltd.,Ahmedabad,Finance,Manage product development from ideation to launch.
Marketing Specialist,Design Studio,Mumbai,IT,Responsible for developing and maintaining software applications.
Marketing Specialist,Market Experts,Bangalore,Retail,Create visual concepts to communicate ideas.
Product Manager,Tech Solutions,Jaipur,IT,Responsible for developing and maintaining software applications.
Software Engineer,Market Experts,Ahmedabad,Healthcare,Responsible for developing and maintaining software applications.
Software Engineer,Tech Solutions,Mumbai,Education,Create visual concepts to communicate ideas.
Product Manager,Design Studio,Kolkata,Healthcare,Analyze data to provide business insights.
Graphic Designer,Data Corp,Jaipur,Finance,Responsible for developing and maintaining software applications.
Data Scientist,Market Experts,Hyderabad,IT,Create visual concepts to communicate ideas.
Software Engineer,Data Corp,Bangalore,IT,Create visual concepts to communicate ideas.
Software Engineer,Innovate Ltd.,Pune,Education,Create visual concepts to communicate ideas.
Data Scientist,Market Experts,Ahmedabad,Education,Create visual concepts to communicate ideas.
Marketing Specialist,Innovate Ltd.,Jaipur,IT,Responsible for developing and maintaining software applications.
Graphic Designer,Innovate Ltd.,Jaipur,Education,Develop and implement marketing strategies.
Product Manager,Tech Solutions,Delhi,Healthcare,Responsible for developing and maintaining software applications.
Graphic Designer,Innovate Ltd.,Delhi,Education,Create visual concepts to communicate ideas.
Data Scientist,Tech Solutions,Chennai,Retail,Analyze data to provide business insights.
Product Manager,Design Studio,Delhi,Retail,Responsible for developing and maintaining software applications.
Data Scientist,Tech Solutions,Chennai,Education,Manage product development from ideation to launch.
Software Engineer,Market Experts,Chennai,Education,Develop and implement marketing strategies.
Data Scientist,Market Experts,Bangalore,Education,Create visual concepts to communicate ideas.
Graphic Designer,Market Experts,Hyderabad,IT,Manage product development from ideation to launch.
Data Scientist,Market Experts,Chennai,IT,Create visual concepts to communicate ideas.
Product Manager,Design Studio,Bangalore,Retail,Responsible for developing and maintaining software applications.
Data Scientist,Market Experts,Hyderabad,IT,Manage product development from ideation to launch.
Graphic Designer,Data Corp,Delhi,Education,Analyze data to provide business insights.
Marketing Specialist,Design Studio,Mumbai,Education,Create visual concepts to communicate ideas.
Data Scientist,Market Experts,Hyderabad,IT,Create visual concepts to communicate ideas.
Marketing Specialist,Design Studio,Bangalore,IT,Create visual concepts to communicate ideas.
Product Manager,Data Corp,Mumbai,IT,Develop and implement marketing strategies.
Marketing Specialist,Data Corp,Kolkata,Education,Analyze data to provide business insights.
Data Scientist,Innovate Ltd.,Chennai,Retail,Manage product development from ideation to launch.
Data Scientist,Tech Solutions,Pune,Finance,Manage product development from ideation to launch.
Marketing Specialist,Innovate Ltd.,Ahmedabad,Education,Responsible for developing and maintaining software applications.
Software Engineer,Innovate Ltd.,Hyderabad,Healthcare,Develop and implement marketing strategies.
Graphic Designer,Market Experts,Hyderabad,Finance,Develop and implement marketing strategies.
Product Manager,Market Experts,Bangalore,Education,Manage product development from ideation to launch.
Marketing Specialist,Innovate Ltd.,Delhi,Healthcare,Develop and implement marketing strategies.
Software Engineer,Tech Solutions,Chennai,Retail,Analyze data to provide business insights.
Marketing Specialist,Tech Solutions,Lucknow,Healthcare,Responsible for developing and maintaining software applications.
Product Manager,Data Corp,Jaipur,Healthcare,Create visual concepts to communicate ideas.
Graphic Designer,Innovate Ltd.,Bangalore,IT,Manage product development from ideation to launch.
Product Manager,Design Studio,Lucknow,Healthcare,Manage product development from ideation to launch.
Marketing Specialist,Design Studio,Ahmedabad,Healthcare,Manage product development from ideation to launch.
Software Engineer,Data Corp,Hyderabad,Education,Develop and implement marketing strategies.
Data Scientist,Innovate Ltd.,Kolkata,Education,Responsible for developing and maintaining software applications.
Marketing Specialist,Design Studio,Bangalore,Education,Create visual concepts to communicate ideas.
Graphic Designer,Innovate Ltd.,Kolkata,Education,Analyze data to provide business insights.
Product Manager,Innovate Ltd.,Hyderabad,Healthcare,Develop and implement marketing strategies.
Data Scientist,Market Experts,Kolkata,Retail,Create visual concepts to communicate ideas.
Graphic Designer,Data Corp,Jaipur,IT,Create visual concepts to communicate ideas.
Marketing Specialist,Market Experts,Jaipur,IT,Manage product development from ideation to launch.
Product Manager,Innovate Ltd.,Mumbai,IT,Responsible for developing and maintaining software applications.
Graphic Designer,Design Studio,Bangalore,Healthcare,Develop and implement marketing strategies.
Marketing Specialist,Market Experts,Lucknow,Education,Responsible for developing and maintaining software applications.
Software Engineer,Design Studio,Hyderabad,Education,Create visual concepts to communicate ideas.
Product Manager,Design Studio,Ahmedabad,Retail,Responsible for developing and maintaining software applications.
Product Manager,Data Corp,Ahmedabad,IT,Responsible for developing and maintaining software applications.
Product Manager,Innovate Ltd.,Kolkata,IT,Develop and implement marketing strategies.
Software Engineer,Market Experts,Kolkata,Healthcare,Responsible for developing and maintaining software applications.
Product Manager,Design Studio,Delhi,IT,Create visual concepts to communicate ideas.
Product Manager,Design Studio,Kolkata,Retail,Create visual concepts to communicate ideas.
Graphic Designer,Data Corp,Chennai,Education,Manage product development from ideation to launch.
Marketing Specialist,Innovate Ltd.,Hyderabad,Finance,Analyze data to provide business insights.
Data Scientist,Innovate Ltd.,Hyderabad,Retail,Create visual concepts to communicate ideas.
Software Engineer,Market Experts,Hyderabad,Education,Create visual concepts to communicate ideas.
Software Engineer,Design Studio,Lucknow,Finance,Manage product development from ideation to launch.
Data Scientist,Market Experts,Hyderabad,Finance,Create visual concepts to communicate ideas.
Software Engineer,Tech Solutions,Kolkata,Healthcare,Manage product development from ideation to launch.
Data Scientist,Market Experts,Chennai,Retail,Develop and implement marketing strategies.
Marketing Specialist,Tech Solutions,Hyderabad,Healthcare,Develop and implement marketing strategies.
Graphic Designer,Tech Solutions,Jaipur,Retail,Develop and implement marketing strategies.
Graphic Designer,Data Corp,Delhi,Education,Create visual concepts to communicate ideas.
Graphic Designer,Design Studio,Delhi,Healthcare,Analyze data to provide business insights.
Marketing Specialist,Market Experts,Kolkata,Finance,Develop and implement marketing strategies.
Marketing Specialist,Tech Solutions,Mumbai,Education,Responsible for developing and maintaining software applications.
Graphic Designer,Innovate Ltd.,Bangalore,Education,Analyze data to provide business insights.
Marketing Specialist,Market Experts,Chennai,Retail,Create visual concepts to communicate ideas.
Product Manager,Data Corp,Kolkata,Finance,Manage product development from ideation to launch.
Software Engineer,Data Corp,Lucknow,Finance,Responsible for developing and maintaining software applications.
Product Manager,Innovate Ltd.,Delhi,Healthcare,Analyze data to provide business insights.
Marketing Specialist,Market Experts,Jaipur,Education,Manage product development from ideation to launch.
Software Engineer,Market Experts,Jaipur,Finance,Create visual concepts to communicate ideas.
Software Engineer,Market Experts,Pune,Retail,Responsible for developing and maintaining software applications.
Software Engineer,Design Studio,Lucknow,Finance,Responsible for developing and maintaining software applications.
Product Manager,Market Experts,Pune,Finance,Develop and implement marketing strategies.
Marketing Specialist,Design Studio,Ahmedabad,IT,Develop and implement marketing strategies.
Graphic Designer,Design Studio,Pune,Education,Manage product development from ideation to launch.
Product Manager,Market Experts,Hyderabad,Retail,Develop and implement marketing strategies.
Product Manager,Design Studio,Delhi,IT,Analyze data to provide business insights.
Marketing Specialist,Innovate Ltd.,Kolkata,Healthcare,Create visual concepts to communicate ideas.
Data Scientist,Design Studio,Hyderabad,Healthcare,Develop and implement marketing strategies.
Software Engineer,Market Experts,Kolkata,Healthcare,Create visual concepts to communicate ideas.
Product Manager,Innovate Ltd.,Delhi,Finance,Create visual concepts to communicate ideas.
Product Manager,Design Studio,Chennai,Finance,Analyze data to provide business insights.
Software Engineer,Tech Solutions,Hyderabad,Healthcare,Create visual concepts to communicate ideas.
Data Scientist,Design Studio,Delhi,Education,Responsible for developing and maintaining software applications.
Product Manager,Tech Solutions,Lucknow,Healthcare,Analyze data to provide business insights.
Graphic Designer,Data Corp,Ahmedabad,Education,Develop and implement marketing strategies.
Software Engineer,Market Experts,Hyderabad,Finance,Analyze data to provide business insights.
Graphic Designer,Tech Solutions,Kolkata,Healthcare,Analyze data to provide business insights.
Data Scientist,Data Corp,Ahmedabad,Education,Manage product development from ideation to launch.
Marketing Specialist,Data Corp,Bangalore,Healthcare,Develop and implement marketing strategies.
Marketing Specialist,Tech Solutions,Hyderabad,Retail,Responsible for developing and maintaining software applications.
Data Scientist,Market Experts,Bangalore,Education,Develop and implement marketing strategies.
Data Scientist,Tech Solutions,Delhi,Education,Manage product development from ideation to launch.
Product Manager,Tech Solutions,Jaipur,Healthcare,Analyze data to provide business insights.
Graphic Designer,Tech Solutions,Delhi,Finance,Manage product development from ideation to launch.
Marketing Specialist,Data Corp,Chennai,Finance,Responsible for developing and maintaining software applications.
Data Scientist,Market Experts,Bangalore,Healthcare,Manage product development from ideation to launch.
Product Manager,Market Experts,Delhi,IT,Analyze data to provide business insights.
Graphic Designer,Market Experts,Hyderabad,IT,Develop and implement marketing strategies.
Product Manager,Design Studio,Jaipur,IT,Manage product development from ideation to launch.
Data Scientist,Design Studio,Hyderabad,Finance,Create visual concepts to communicate ideas.
Software Engineer,Innovate Ltd.,Bangalore,Retail,Develop and implement marketing strategies.
Product Manager,Innovate Ltd.,Hyderabad,Retail,Responsible for developing and maintaining software applications.
Product Manager,Tech Solutions,Kolkata,Education,Responsible for developing and maintaining software applications.
Product Manager,Innovate Ltd.,Hyderabad,Retail,Create visual concepts to communicate ideas.
Data Scientist,Design Studio,Ahmedabad,Finance,Analyze data to provide business insights.
Graphic Designer,Innovate Ltd.,Ahmedabad,IT,Responsible for developing and maintaining software applications.
Data Scientist,Tech Solutions,Pune,Education,Develop and implement marketing strategies.
Product Manager,Tech Solutions,Delhi,Retail,Manage product development from ideation to launch.
Product Manager,Tech Solutions,Mumbai,Healthcare,Manage product development from ideation to launch.
Graphic Designer,Market Experts,Ahmedabad,Healthcare,Create visual concepts to communicate ideas.
Graphic Designer,Design Studio,Chennai,Finance,Manage product development from ideation to launch.
Marketing Specialist,Design Studio,Delhi,IT,Responsible for developing and maintaining software applications.
Product Manager,Data Corp,Pune,Retail,Create visual concepts to communicate ideas.
Marketing Specialist,Innovate Ltd.,Jaipur,Retail,Manage product development from ideation to launch.
Data Scientist,Innovate Ltd.,Lucknow,Healthcare,Develop and implement marketing strategies.
Graphic Designer,Market Experts,Pune,Healthcare,Responsible for developing and maintaining software applications.
Marketing Specialist,Market Experts,Lucknow,Healthcare,Develop and implement marketing strategies.
Graphic Designer,Design Studio,Chennai,IT,Analyze data to provide business insights.
Marketing Specialist,Design Studio,Lucknow,Retail,Create visual concepts to communicate ideas.
Marketing Specialist,Design Studio,Delhi,IT,Responsible for developing and maintaining software applications.
Marketing Specialist,Market Experts,Delhi,IT,Develop and implement marketing strategies.
Data Scientist,Tech Solutions,Lucknow,Education,Analyze data to provide business insights.
Product Manager,Tech Solutions,Chennai,Education,Manage product development from ideation to launch.
Software Engineer,Market Experts,Hyderabad,Healthcare,Develop and implement marketing strategies.
Data Scientist,Data Corp,Delhi,Healthcare,Analyze data to provide business insights.
Data Scientist,Innovate Ltd.,Kolkata,Healthcare,Develop and implement marketing strategies.
Data Scientist,Market Experts,Jaipur,IT,Analyze data to provide business insights.
Product Manager,Market Experts,Hyderabad,IT,Manage product development from ideation to launch.
Product Manager,Innovate Ltd.,Delhi,Retail,Create visual concepts to communicate ideas.
Marketing Specialist,Data Corp,Chennai,IT,Develop and implement marketing strategies.
Data Scientist,Tech Solutions,Hyderabad,Healthcare,Responsible for developing and maintaining software applications.
Graphic Designer,Data Corp,Jaipur,IT,Responsible for developing and maintaining software applications.
Graphic Designer,Tech Solutions,Delhi,Retail,Create visual concepts to communicate ideas.
Data Scientist,Tech Solutions,Chennai,Healthcare,Responsible for developing and maintaining software applications.
Data Scientist,Design Studio,Pune,Retail,Analyze data to provide business insights.
Software Engineer,Design Studio,Bangalore,Education,Responsible for developing and maintaining software applications.
Data Scientist,Data Corp,Pune,Healthcare,Develop and implement marketing strategies.
Product Manager,Innovate Ltd.,Ahmedabad,Finance,Responsible for developing and maintaining software applications.
Data Scientist,Market Experts,Mumbai,Retail,Create visual concepts to communicate ideas.
Data Scientist,Tech Solutions,Lucknow,Education,Develop and implement marketing strategies.
Graphic Designer,Data Corp,Chennai,Finance,Manage product development from ideation to launch.
Product Manager,Design Studio,Hyderabad,IT,Analyze data to provide business insights.
Graphic Designer,Tech Solutions,Kolkata,IT,Create visual concepts to communicate ideas.
Data Scientist,Design Studio,Mumbai,Finance,Develop and implement marketing strategies.
Data Scientist,Tech Solutions,Bangalore,Retail,Analyze data to provide business insights.
Graphic Designer,Market Experts,Lucknow,Education,Responsible for developing and maintaining software applications.
Product Manager,Innovate Ltd.,Ahmedabad,Healthcare,Responsible for developing and maintaining software applications.
Graphic Designer,Tech Solutions,Ahmedabad,Retail,Create visual concepts to communicate ideas.
Graphic Designer,Data Corp,Bangalore,Education,Manage product development from ideation to launch.
Marketing Specialist,Tech Solutions,Pune,Retail,Analyze data to provide business insights.
Product Manager,Tech Solutions,Kolkata,IT,Responsible for developing and maintaining software applications.
Product Manager,Tech Solutions,Ahmedabad,Finance,Responsible for developing and maintaining software applications.
Product Manager,Design Studio,Pune,Retail,Responsible for developing and maintaining software applications.
Marketing Specialist,Market Experts,Hyderabad,Healthcare,Create visual concepts to communicate ideas.
Data Scientist,Tech Solutions,Delhi,Retail,Analyze data to provide business insights.
Software Engineer,Design Studio,Pune,IT,Develop and implement marketing strategies.
Software Engineer,Market Experts,Pune,IT,Analyze data to provide business insights.
Marketing Specialist,Data Corp,Mumbai,IT,Develop and implement marketing strategies.
Marketing Specialist,Market Experts,Delhi,Retail,Manage product development from ideation to launch.
Product Manager,Data Corp,Bangalore,Healthcare,Analyze data to provide business insights.
Marketing Specialist,Data Corp,Jaipur,IT,Manage product development from ideation to launch.
Data Scientist,Data Corp,Lucknow,Retail,Create visual concepts to communicate ideas.
Software Engineer,Market Experts,Bangalore,Education,Responsible for developing and maintaining software applications.
Marketing Specialist,Market Experts,Ahmedabad,Finance,Manage product development from ideation to launch.
Marketing Specialist,Tech Solutions,Pune,Retail,Responsible for developing and maintaining software applications.
Data Scientist,Innovate Ltd.,Hyderabad,Education,Manage product development from ideation to launch.
Software Engineer,Innovate Ltd.,Pune,IT,Responsible for developing and maintaining software applications.
Software Engineer,Innovate Ltd.,Ahmedabad,IT,Develop and implement marketing strategies.
Software Engineer,Innovate Ltd.,Bangalore,Education,Develop and implement marketing strategies.
Product Manager,Innovate Ltd.,Mumbai,Finance,Develop and implement marketing strategies.
Graphic Designer,Market Experts,Bangalore,IT,Create visual concepts to communicate ideas.
Product Manager,Market Experts,Lucknow,Finance,Analyze data to provide business insights.
Product Manager,Innovate Ltd.,Jaipur,Education,Manage product development from ideation to launch.
Software Engineer,Market Experts,Chennai,IT,Develop and implement marketing strategies.
Marketing Specialist,Data Corp,Pune,Healthcare,Develop and implement marketing strategies.
Marketing Specialist,Tech Solutions,Hyderabad,Finance,Manage product development from ideation to launch.
Data Scientist,Tech Solutions,Hyderabad,Retail,Create visual concepts to communicate ideas.
Graphic Designer,Data Corp,Bangalore,Finance,Analyze data to provide business insights.
Product Manager,Data Corp,Jaipur,Finance,Manage product development from ideation to launch.
Graphic Designer,Design Studio,Mumbai,Healthcare,Create visual concepts to communicate ideas.
Product Manager,Tech Solutions,Kolkata,Education,Develop and implement marketing strategies.
Graphic Designer,Data Corp,Mumbai,Education,Manage product development from ideation to launch.
Data Scientist,Design Studio,Kolkata,Healthcare,Manage product development from ideation to launch.
Graphic Designer,Innovate Ltd.,Pune,Education,Develop and implement marketing strategies.
Marketing Specialist,Data Corp,Pune,IT,Develop and implement marketing strategies.
Product Manager,Market Experts,Pune,Healthcare,Develop and implement marketing strategies.
Software Engineer,Innovate Ltd.,Delhi,Retail,Develop and implement marketing strategies.
Graphic Designer,Design Studio,Delhi,Retail,Analyze data to provide business insights.
Graphic Designer,Tech Solutions,Chennai,Education,Manage product development from ideation to launch.
Product Manager,Design Studio,Ahmedabad,IT,Create visual concepts to communicate ideas.
Graphic Designer,Innovate Ltd.,Kolkata,Retail,Create visual concepts to communicate ideas.
Data Scientist,Data Corp,Jaipur,Retail,Analyze data to provide business insights.
Software Engineer,Market Experts,Pune,IT,Manage product development from ideation to launch.
Software Engineer,Data Corp,Kolkata,Education,Develop and implement marketing strategies.
Graphic Designer,Data Corp,Hyderabad,Education,Analyze data to provide business insights.
Marketing Specialist,Tech Solutions,Chennai,IT,Create visual concepts to communicate ideas.
Software Engineer,Tech Solutions,Kolkata,IT,Responsible for developing and maintaining software applications.
Data Scientist,Innovate Ltd.,Hyderabad,Healthcare,Analyze data to provide business insights.
Software Engineer,Data Corp,Kolkata,Finance,Manage product development from ideation to launch.
Graphic Designer,Design Studio,Jaipur,Finance,Responsible for developing and maintaining software applications.
Graphic Designer,Market Experts,Lucknow,IT,Manage product development from ideation to launch.
Data Scientist,Data Corp,Bangalore,IT,Manage product development from ideation to launch.
Product Manager,Market Experts,Jaipur,IT,Develop and implement marketing strategies.
Graphic Designer,Market Experts,Lucknow,Education,Responsible for developing and maintaining software applications.
Software Engineer,Tech Solutions,Pune,Finance,Develop and implement marketing strategies.
Software Engineer,Market Experts,Mumbai,Healthcare,Develop and implement marketing strategies.
Product Manager,Design Studio,Mumbai,Education,Manage product development from ideation to launch.
Marketing Specialist,Innovate Ltd.,Mumbai,Healthcare,Develop and implement marketing strategies.
Data Scientist,Tech Solutions,Chennai,IT,Create visual concepts to communicate ideas.
Data Scientist,Tech Solutions,Bangalore,Healthcare,Develop and implement marketing strategies.
Product Manager,Tech Solutions,Chennai,IT,Create visual concepts to communicate ideas.
Marketing Specialist,Design Studio,Jaipur,Retail,Create visual concepts to communicate ideas.
Data Scientist,Market Experts,Mumbai,Finance,Manage product development from ideation to launch.
Marketing Specialist,Design Studio,Delhi,Finance,Create visual concepts to communicate ideas.
Graphic Designer,Design Studio,Kolkata,IT,Create visual concepts to communicate ideas.
Software Engineer,Design Studio,Hyderabad,Retail,Develop and implement marketing strategies.
Software Engineer,Market Experts,Lucknow,IT,Create visual concepts to communicate ideas.
Software Engineer,Design Studio,Chennai,Education,Manage product development from ideation to launch.
Data Scientist,Innovate Ltd.,Bangalore,Healthcare,Responsible for developing and maintaining software applications.
Product Manager,Data Corp,Ahmedabad,Retail,Responsible for developing and maintaining software applications.
Marketing Specialist,Design Studio,Chennai,Retail,Responsible for developing and maintaining software applications.
Marketing Specialist,Market Experts,Hyderabad,IT,Manage product development from ideation to launch.
Data Scientist,Design Studio,Pune,Finance,Develop and implement marketing strategies.
Data Scientist,Innovate Ltd.,Pune,Healthcare,Create visual concepts to communicate ideas.
Graphic Designer,Innovate Ltd.,Chennai,Retail,Responsible for developing and maintaining software applications.
Graphic Designer,Tech Solutions,Pune,Education,Create visual concepts to communicate ideas.
Graphic Designer,Innovate Ltd.,Hyderabad,Finance,Analyze data to provide business insights.
Product Manager,Market Experts,Kolkata,Retail,Develop and implement marketing strategies.
Data Scientist,Market Experts,Mumbai,Retail,Responsible for developing and maintaining software applications.
Software Engineer,Innovate Ltd.,Delhi,IT,Responsible for developing and maintaining software applications.
Software Engineer,Tech Solutions,Jaipur,Education,Analyze data to provide business insights.
Marketing Specialist,Tech Solutions,Jaipur,Healthcare,Create visual concepts to communicate ideas.
Data Scientist,Tech Solutions,Pune,Education,Analyze data to provide business insights.
Software Engineer,Innovate Ltd.,Chennai,IT,Create visual concepts to communicate ideas.
Data Scientist,Market Experts,Delhi,Education,Develop and implement marketing strategies.
Software Engineer,Market Experts,Mumbai,Finance,Create visual concepts to communicate ideas.
Software Engineer,Market Experts,Lucknow,Finance,Responsible for developing and maintaining software applications.
Graphic Designer,Tech Solutions,Hyderabad,Healthcare,Analyze data to provide business insights.
Graphic Designer,Design Studio,Lucknow,Finance,Analyze data to provide business insights.
Graphic Designer,Innovate Ltd.,Delhi,IT,Responsible for developing and maintaining software applications.
Graphic Designer,Design Studio,Hyderabad,Finance,Develop and implement marketing strategies.
Software Engineer,Design Studio,Ahmedabad,Healthcare,Manage product development from ideation to launch.
Marketing Specialist,Design Studio,Bangalore,Finance,Manage product development from ideation to launch.
Graphic Designer,Innovate Ltd.,Hyderabad,Healthcare,Responsible for developing and maintaining software applications.
Marketing Specialist,Tech Solutions,Lucknow,Finance,Create visual concepts to communicate ideas.
Graphic Designer,Design Studio,Delhi,Education,Analyze data to provide business insights.
Marketing Specialist,Design Studio,Bangalore,Education,Manage product development from ideation to launch.
Software Engineer,Design Studio,Pune,Retail,Create visual concepts to communicate ideas.
Data Scientist,Tech Solutions,Bangalore,Finance,Responsible for developing and maintaining software applications.
Product Manager,Innovate Ltd.,Delhi,Education,Responsible for developing and maintaining software applications.
Data Scientist,Innovate Ltd.,Bangalore,Healthcare,Manage product development from ideation to launch.
Software Engineer,Innovate Ltd.,Hyderabad,Retail,Manage product development from ideation to launch.
Data Scientist,Innovate Ltd.,Jaipur,Education,Responsible for developing and maintaining software applications.
Product Manager,Design Studio,Mumbai,Healthcare,Create visual concepts to communicate ideas.
Data Scientist,Market Experts,Lucknow,Retail,Analyze data to provide business insights.
Data Scientist,Data Corp,Chennai,Finance,Create visual concepts to communicate ideas.
Data Scientist,Data Corp,Kolkata,Retail,Analyze data to provide business insights.
Graphic Designer,Innovate Ltd.,Mumbai,Healthcare,Develop and implement marketing strategies.
Marketing Specialist,Innovate Ltd.,Ahmedabad,IT,Responsible for developing and maintaining software applications.
Marketing Specialist,Innovate Ltd.,Bangalore,Finance,Manage product development from ideation to launch.
Graphic Designer,Data Corp,Chennai,Education,Develop and implement marketing strategies.
Marketing Specialist,Market Experts,Bangalore,Finance,Develop and implement marketing strategies.
Marketing Specialist,Design Studio,Bangalore,Healthcare,Manage product development from ideation to launch.
Marketing Specialist,Data Corp,Pune,Education,Analyze data to provide business insights.
Data Scientist,Tech Solutions,Mumbai,Healthcare,Create visual concepts to communicate ideas.
Marketing Specialist,Innovate Ltd.,Hyderabad,Finance,Responsible for developing and maintaining software applications.
Product Manager,Innovate Ltd.,Delhi,Healthcare,Develop and implement marketing strategies.
Marketing Specialist,Tech Solutions,Jaipur,Finance,Manage product development from ideation to launch.
Graphic Designer,Design Studio,Mumbai,Healthcare,Develop and implement marketing strategies.
Marketing Specialist,Design Studio,Kolkata,Finance,Manage product development from ideation to launch.
Data Scientist,Innovate Ltd.,Hyderabad,Healthcare,Manage product development from ideation to launch.
Product Manager,Market Experts,Hyderabad,Finance,Manage product development from ideation to launch.
Data Scientist,Tech Solutions,Bangalore,IT,Analyze data to provide business insights.
Marketing Specialist,Innovate Ltd.,Ahmedabad,Finance,Manage product development from ideation to launch.
Product Manager,Market Experts,Pune,IT,Responsible for developing and maintaining software applications.
Data Scientist,Tech Solutions,Delhi,Retail,Responsible for developing and maintaining software applications.
Product Manager,Data Corp,Bangalore,Education,Responsible for developing and maintaining software applications.
Marketing Specialist,Data Corp,Bangalore,IT,Develop and implement marketing strategies.
Graphic Designer,Innovate Ltd.,Mumbai,Retail,Create visual concepts to communicate ideas.
Data Scientist,Design Studio,Chennai,Education,Manage product development from ideation to launch.
Data Scientist,Data Corp,Ahmedabad,Finance,Responsible for developing and maintaining software applications.
Graphic Designer,Tech Solutions,Hyderabad,IT,Manage product development from ideation to launch.
Graphic Designer,Innovate Ltd.,Chennai,Healthcare,Analyze data to provide business insights.
Software Engineer,Data Corp,Pune,IT,Develop and implement marketing strategies.
Graphic Designer,Market Experts,Mumbai,Education,Analyze data to provide business insights.
Product Manager,Market Experts,Lucknow,Finance,Analyze data to provide business insights.
Data Scientist,Design Studio,Bangalore,IT,Create visual concepts to communicate ideas.
Data Scientist,Market Experts,Hyderabad,Education,Analyze data to provide business insights.
Product Manager,Market Experts,Jaipur,Education,Manage product development from ideation to launch.
Product Manager,Tech Solutions,Mumbai,Retail,Analyze data to provide business insights.
Marketing Specialist,Design Studio,Delhi,Retail,Develop and implement marketing strategies.
Graphic Designer,Market Experts,Jaipur,Retail,Create visual concepts to communicate ideas.
Data Scientist,Data Corp,Hyderabad,IT,Create visual concepts to communicate ideas.
Data Scientist,Data Corp,Delhi,Education,Manage product development from ideation to launch.
Marketing Specialist,Data Corp,Mumbai,Education,Create visual concepts to communicate ideas.
Graphic Designer,Data Corp,Delhi,Retail,Create visual concepts to communicate ideas.
Marketing Specialist,Innovate Ltd.,Pune,Finance,Create visual concepts to communicate ideas.
Marketing Specialist,Innovate Ltd.,Jaipur,IT,Responsible for developing and maintaining software applications.
Marketing Specialist,Data Corp,Ahmedabad,Retail,Responsible for developing and maintaining software applications.
Marketing Specialist,Innovate Ltd.,Ahmedabad,Retail,Create visual concepts to communicate ideas.
Software Engineer,Tech Solutions,Chennai,Retail,Develop and implement marketing strategies.
Graphic Designer,Data Corp,Pune,Finance,Responsible for developing and maintaining software applications.
Graphic Designer,Design Studio,Hyderabad,Healthcare,Manage product development from ideation to launch.
Product Manager,Design Studio,Delhi,Finance,Create visual concepts to communicate ideas.
Marketing Specialist,Data Corp,Ahmedabad,Finance,Create visual concepts to communicate ideas.
Software Engineer,Data Corp,Mumbai,Retail,Create visual concepts to communicate ideas.
Marketing Specialist,Market Experts,Pune,Retail,Responsible for developing and maintaining software applications.
Graphic Designer,Market Experts,Jaipur,IT,Analyze data to provide business insights.
Data Scientist,Innovate Ltd.,Kolkata,Finance,Develop and implement marketing strategies.
Software Engineer,Tech Solutions,Bangalore,Healthcare,Responsible for developing and maintaining software applications.
Software Engineer,Design Studio,Mumbai,Retail,Develop and implement marketing strategies.
Graphic Designer,Innovate Ltd.,Chennai,IT,Analyze data to provide business insights.
Graphic Designer,Design Studio,Pune,Education,Responsible for developing and maintaining software applications.
Product Manager,Design Studio,Lucknow,IT,Analyze data to provide business insights.
Product Manager,Tech Solutions,Lucknow,Education,Create visual concepts to communicate ideas.
Marketing Specialist,Innovate Ltd.,Jaipur,Education,Create visual concepts to communicate ideas.
Data Scientist,Market Experts,Kolkata,Education,Responsible for developing and maintaining software applications.
Product Manager,Market Experts,Bangalore,Retail,Responsible for developing and maintaining software applications.
Product Manager,Design Studio,Kolkata,Education,Analyze data to provide business insights.
Product Manager,Data Corp,Chennai,IT,Responsible for developing and maintaining software applications.
Data Scientist,Data Corp,Bangalore,Finance,Responsible for developing and maintaining software applications.
Graphic Designer,Tech Solutions,Chennai,Education,Analyze data to provide business insights.
Graphic Designer,Market Experts,Delhi,Finance,Manage product development from ideation to launch.
Graphic Designer,Tech Solutions,Delhi,IT,Responsible for developing and maintaining software applications.
Graphic Designer,Tech Solutions,Kolkata,Finance,Manage product development from ideation to launch.
Marketing Specialist,Tech Solutions,Mumbai,Healthcare,Analyze data to provide business insights.
Software Engineer,Tech Solutions,Pune,Education,Analyze data to provide business insights.
Software Engineer,Design Studio,Lucknow,Finance,Create visual concepts to communicate ideas.
Software Engineer,Design Studio,Pune,Healthcare,Responsible for developing and maintaining software applications.
Product Manager,Tech Solutions,Jaipur,Finance,Responsible for developing and maintaining software applications.
Product Manager,Market Experts,Delhi,Finance,Manage product development from ideation to launch.
Product Manager,Innovate Ltd.,Mumbai,Retail,Manage product development from ideation to launch.
Graphic Designer,Market Experts,Hyderabad,Retail,Develop and implement marketing strategies.
Marketing Specialist,Innovate Ltd.,Jaipur,Retail,Manage product development from ideation to launch.
Product Manager,Design Studio,Kolkata,Education,Manage product development from ideation to launch.
Product Manager,Market Experts,Chennai,IT,Manage product development from ideation to launch.
Graphic Designer,Design Studio,Kolkata,Healthcare,Responsible for developing and maintaining software applications.
Software Engineer,Innovate Ltd.,Lucknow,Education,Develop and implement marketing strategies.
Data Scientist,Tech Solutions,Bangalore,Retail,Responsible for developing and maintaining software applications.
Data Scientist,Data Corp,Kolkata,Healthcare,Responsible for developing and maintaining software applications.
Product Manager,Innovate Ltd.,Delhi,Finance,Analyze data to provide business insights.
Product Manager,Tech Solutions,Delhi,IT,Develop and implement marketing strategies.
Graphic Designer,Design Studio,Chennai,Education,Develop and implement marketing strategies.
Software Engineer,Data Corp,Chennai,Retail,Responsible for developing and maintaining software applications.
Graphic Designer,Design Studio,Hyderabad,Education,Create visual concepts to communicate ideas.
Marketing Specialist,Market Experts,Kolkata,Retail,Create visual concepts to communicate ideas.
Data Scientist,Market Experts,Hyderabad,Finance,Develop and implement marketing strategies.
Product Manager,Design Studio,Lucknow,Finance,Develop and implement marketing strategies.
Product Manager,Innovate Ltd.,Delhi,Healthcare,Analyze data to provide business insights.
Data Scientist,Market Experts,Kolkata,Education,Create visual concepts to communicate ideas.
Product Manager,Data Corp,Delhi,Retail,Analyze data to provide business insights.
Product Manager,Innovate Ltd.,Delhi,Education,Develop and implement marketing strategies.
Product Manager,Innovate Ltd.,Lucknow,Retail,Create visual concepts to communicate ideas.
Marketing Specialist,Design Studio,Delhi,IT,Responsible for developing and maintaining software applications.
Graphic Designer,Market Experts,Pune,IT,Manage product development from ideation to launch.
Software Engineer,Market Experts,Bangalore,IT,Analyze data to provide business insights.
Marketing Specialist,Market Experts,Mumbai,IT,Manage product development from ideation to launch.
Data Scientist,Innovate Ltd.,Pune,Healthcare,Responsible for developing and maintaining software applications.
Marketing Specialist,Design Studio,Jaipur,Finance,Responsible for developing and maintaining software applications.
Software Engineer,Innovate Ltd.,Hyderabad,Healthcare,Analyze data to provide business insights.
Graphic Designer,Tech Solutions,Hyderabad,Finance,Responsible for developing and maintaining software applications.
Product Manager,Innovate Ltd.,Mumbai,Healthcare,Responsible for developing and maintaining software applications.
Data Scientist,Tech Solutions,Pune,Education,Create visual concepts to communicate ideas.
Data Scientist,Data Corp,Mumbai,IT,Manage product development from ideation to launch.
Marketing Specialist,Design Studio,Delhi,Finance,Responsible for developing and maintaining software applications.
Data Scientist,Design Studio,Ahmedabad,IT,Responsible for developing and maintaining software applications.
Software Engineer,Design Studio,Kolkata,Education,Analyze data to provide business insights.
Product Manager,Tech Solutions,Delhi,IT,Create visual concepts to communicate ideas.
Graphic Designer,Design Studio,Chennai,Finance,Manage product development from ideation to launch.
Marketing Specialist,Market Experts,Ahmedabad,Retail,Develop and implement marketing strategies.
Product Manager,Data Corp,Ahmedabad,Healthcare,Develop and implement marketing strategies.
Data Scientist,Data Corp,Bangalore,IT,Develop and implement marketing strategies.
Graphic Designer,Tech Solutions,Delhi,Education,Responsible for developing and maintaining software applications.
Product Manager,Tech Solutions,Ahmedabad,IT,Manage product development from ideation to launch.
Graphic Designer,Design Studio,Pune,Education,Manage product development from ideation to launch.
Data Scientist,Design Studio,Hyderabad,IT,Create visual concepts to communicate ideas.
Graphic Designer,Tech Solutions,Hyderabad,Education,Analyze data to provide business insights.
Product Manager,Tech Solutions,Bangalore,Retail,Develop and implement marketing strategies.
Product Manager,Market Experts,Jaipur,IT,Create visual concepts to communicate ideas.
Marketing Specialist,Design Studio,Hyderabad,Healthcare,Responsible for developing and maintaining software applications.
Graphic Designer,Market Experts,Lucknow,Retail,Develop and implement marketing strategies.
Software Engineer,Data Corp,Mumbai,Education,Develop and implement marketing strategies.
Graphic Designer,Tech Solutions,Kolkata,Finance,Manage product development from ideation to launch.
Marketing Specialist,Innovate Ltd.,Lucknow,Finance,Responsible for developing and maintaining software applications.
Data Scientist,Innovate Ltd.,Lucknow,Healthcare,Responsible for developing and maintaining software applications.
Marketing Specialist,Market Experts,Delhi,Retail,Create visual concepts to communicate ideas.
Graphic Designer,Design Studio,Chennai,IT,Create visual concepts to communicate ideas.
Graphic Designer,Data Corp,Hyderabad,Education,Create visual concepts to communicate ideas.
Data Scientist,Tech Solutions,Jaipur,Retail,Responsible for developing and maintaining software applications.
Marketing Specialist,Data Corp,Delhi,IT,Create visual concepts to communicate ideas.
Product Manager,Market Experts,Pune,IT,Develop and implement marketing strategies.
Marketing Specialist,Innovate Ltd.,Chennai,IT,Develop and implement marketing strategies.
Software Engineer,Design Studio,Ahmedabad,Retail,Analyze data to provide business insights.
Product Manager,Design Studio,Pune,IT,Create visual concepts to communicate ideas.
Marketing Specialist,Design Studio,Chennai,Healthcare,Responsible for developing and maintaining software applications.
Product Manager,Market Experts,Delhi,Education,Responsible for developing and maintaining software applications.
Product Manager,Tech Solutions,Delhi,Retail,Responsible for developing and maintaining software applications.
Data Scientist,Design Studio,Pune,Finance,Create visual concepts to communicate ideas.
Marketing Specialist,Innovate Ltd.,Delhi,IT,Responsible for developing and maintaining software applications.
Marketing Specialist,Market Experts,Bangalore,IT,Create visual concepts to communicate ideas.
Software Engineer,Tech Solutions,Lucknow,Education,Manage product development from ideation to launch.
Marketing Specialist,Tech Solutions,Ahmedabad,Education,Responsible for developing and maintaining software applications.
Software Engineer,Tech Solutions,Jaipur,Finance,Manage product development from ideation to launch.
Software Engineer,Innovate Ltd.,Jaipur,Finance,Responsible for developing and maintaining software applications.
Software Engineer,Data Corp,Pune,IT,Develop and implement marketing strategies.
Graphic Designer,Design Studio,Pune,Education,Develop and implement marketing strategies.
Software Engineer,Innovate Ltd.,Hyderabad,IT,Responsible for developing and maintaining software applications.
Data Scientist,Tech Solutions,Jaipur,IT,Analyze data to provide business insights.
Graphic Designer,Innovate Ltd.,Ahmedabad,Retail,Analyze data to provide business insights.
Software Engineer,Innovate Ltd.,Bangalore,IT,Create visual concepts to communicate ideas.
Data Scientist,Data Corp,Kolkata,Education,Create visual concepts to communicate ideas.
Data Scientist,Data Corp,Delhi,Finance,Responsible for developing and maintaining software applications.
Product Manager,Innovate Ltd.,Bangalore,Retail,Responsible for developing and maintaining software applications.
Product Manager,Innovate Ltd.,Mumbai,Education,Responsible for developing and maintaining software applications.
Graphic Designer,Tech Solutions,Mumbai,IT,Develop and implement marketing strategies.
Software Engineer,Data Corp,Pune,Healthcare,Responsible for developing and maintaining software applications.
Product Manager,Market Experts,Kolkata,Finance,Develop and implement marketing strategies.
Product Manager,Tech Solutions,Chennai,Finance,Develop and implement marketing strategies.
Product Manager,Tech Solutions,Bangalore,IT,Develop and implement marketing strategies.
Data Scientist,Market Experts,Hyderabad,Healthcare,Develop and implement marketing strategies.
Graphic Designer,Design Studio,Lucknow,Retail,Create visual concepts to communicate ideas.
Software Engineer,Innovate Ltd.,Kolkata,Healthcare,Create visual concepts to communicate ideas.
Product Manager,Innovate Ltd.,Chennai,Healthcare,Create visual concepts to communicate ideas.
Graphic Designer,Design Studio,Kolkata,Finance,Manage product development from ideation to launch.
Product Manager,Innovate Ltd.,Ahmedabad,Finance,Manage product development from ideation to launch.
Data Scientist,Tech Solutions,Lucknow,Retail,Manage product development from ideation to launch.
Data Scientist,Innovate Ltd.,Bangalore,Finance,Create visual concepts to communicate ideas.
Software Engineer,Innovate Ltd.,Bangalore,Retail,Analyze data to provide business insights.
Software Engineer,Innovate Ltd.,Pune,Finance,Manage product development from ideation to launch.
Software Engineer,Tech Solutions,Mumbai,Retail,Manage product development from ideation to launch.
Marketing Specialist,Market Experts,Hyderabad,IT,Analyze data to provide business insights.
Software Engineer,Innovate Ltd.,Bangalore,Retail,Responsible for developing and maintaining software applications.
Graphic Designer,Market Experts,Mumbai,Retail,Responsible for developing and maintaining software applications.
Software Engineer,Tech Solutions,Delhi,Education,Create visual concepts to communicate ideas.
Software Engineer,Design Studio,Kolkata,Healthcare,Responsible for developing and maintaining software applications.
Marketing Specialist,Data Corp,Mumbai,Education,Analyze data to provide business insights.
Graphic Designer,Design Studio,Bangalore,IT,Analyze data to provide business insights.
Data Scientist,Tech Solutions,Hyderabad,Education,Manage product development from ideation to launch.
Graphic Designer,Design Studio,Hyderabad,IT,Responsible for developing and maintaining software applications.
Graphic Designer,Tech Solutions,Ahmedabad,Finance,Analyze data to provide business insights.
Product Manager,Design Studio,Delhi,Finance,Responsible for developing and maintaining software applications.
Data Scientist,Market Experts,Ahmedabad,Healthcare,Create visual concepts to communicate ideas.
Product Manager,Tech Solutions,Delhi,Retail,Develop and implement marketing strategies.
Data Scientist,Market Experts,Lucknow,Education,Develop and implement marketing strategies.
Software Engineer,Innovate Ltd.,Jaipur,Retail,Responsible for developing and maintaining software applications.
Marketing Specialist,Data Corp,Mumbai,Retail,Create visual concepts to communicate ideas.
Marketing Specialist,Data Corp,Jaipur,IT,Responsible for developing and maintaining software applications.
Product Manager,Market Experts,Jaipur,Healthcare,Develop and implement marketing strategies.
Data Scientist,Market Experts,Hyderabad,IT,Analyze data to provide business insights.
Data Scientist,Tech Solutions,Lucknow,Healthcare,Develop and implement marketing strategies.
Product Manager,Innovate Ltd.,Delhi,Retail,Responsible for developing and maintaining software applications.
Software Engineer,Tech Solutions,Pune,IT,Responsible for developing and maintaining software applications.
Graphic Designer,Market Experts,Chennai,IT,Create visual concepts to communicate ideas.
Graphic Designer,Data Corp,Mumbai,Retail,Create visual concepts to communicate ideas.
Graphic Designer,Innovate Ltd.,Kolkata,IT,Manage product development from ideation to launch.
Marketing Specialist,Design Studio,Chennai,IT,Responsible for developing and maintaining software applications.
Graphic Designer,Design Studio,Ahmedabad,Healthcare,Manage product development from ideation to launch.
Software Engineer,Design Studio,Mumbai,Finance,Develop and implement marketing strategies.
Product Manager,Market Experts,Kolkata,Education,Responsible for developing and maintaining software applications.
Marketing Specialist,Innovate Ltd.,Kolkata,Retail,Manage product development from ideation to launch.
Software Engineer,Innovate Ltd.,Jaipur,IT,Analyze data to provide business insights.
Product Manager,Tech Solutions,Kolkata,Retail,Manage product development from ideation to launch.
Marketing Specialist,Tech Solutions,Hyderabad,IT,Analyze data to provide business insights.
Graphic Designer,Innovate Ltd.,Lucknow,Finance,Responsible for developing and maintaining software applications.
Marketing Specialist,Data Corp,Bangalore,IT,Manage product development from ideation to launch.
Graphic Designer,Market Experts,Mumbai,Education,Responsible for developing and maintaining software applications.
Marketing Specialist,Market Experts,Pune,Healthcare,Manage product development from ideation to launch.
Software Engineer,Data Corp,Bangalore,Healthcare,Responsible for developing and maintaining software applications.
Software Engineer,Tech Solutions,Lucknow,IT,Develop and implement marketing strategies.
Marketing Specialist,Data Corp,Mumbai,Healthcare,Create visual concepts to communicate ideas.
Marketing Specialist,Market Experts,Pune,Education,Develop and implement marketing strategies.
Software Engineer,Market Experts,Mumbai,Finance,Manage product development from ideation to launch.
Graphic Designer,Design Studio,Jaipur,Retail,Develop and implement marketing strategies.
Software Engineer,Tech Solutions,Kolkata,Retail,Analyze data to provide business insights.
Data Scientist,Innovate Ltd.,Ahmedabad,IT,Responsible for developing and maintaining software applications.
Marketing Specialist,Market Experts,Delhi,IT,Responsible for developing and maintaining software applications.
Software Engineer,Design Studio,Delhi,IT,Manage product development from ideation to launch.
Marketing Specialist,Market Experts,Kolkata,Education,Analyze data to provide business insights.
Product Manager,Tech Solutions,Ahmedabad,Healthcare,Create visual concepts to communicate ideas.
Data Scientist,Tech Solutions,Jaipur,IT,Develop and implement marketing strategies.
Graphic Designer,Market Experts,Chennai,Education,Create visual concepts to communicate ideas.
Software Engineer,Tech Solutions,Mumbai,Education,Create visual concepts to communicate ideas.
Graphic Designer,Market Experts,Lucknow,Healthcare,Manage product development from ideation to launch.
Graphic Designer,Innovate Ltd.,Bangalore,Education,Create visual concepts to communicate ideas.
Product Manager,Design Studio,Ahmedabad,Education,Analyze data to provide business insights.
Product Manager,Data Corp,Lucknow,Healthcare,Responsible for developing and maintaining software applications.
Graphic Designer,Innovate Ltd.,Hyderabad,Finance,Create visual concepts to communicate ideas.
Marketing Specialist,Innovate Ltd.,Hyderabad,Healthcare,Analyze data to provide business insights.
Data Scientist,Market Experts,Chennai,IT,Develop and implement marketing strategies.
Software Engineer,Data Corp,Hyderabad,Finance,Create visual concepts to communicate ideas.
Software Engineer,Design Studio,Delhi,Education,Responsible for developing and maintaining software applications.
Data Scientist,Innovate Ltd.,Mumbai,Healthcare,Responsible for developing and maintaining software applications.
Marketing Specialist,Tech Solutions,Kolkata,IT,Manage product development from ideation to launch.
Marketing Specialist,Innovate Ltd.,Bangalore,Retail,Analyze data to provide business insights.
Marketing Specialist,Tech Solutions,Delhi,Retail,Develop and implement marketing strategies.
Data Scientist,Market Experts,Jaipur,Healthcare,Analyze data to provide business insights.
Marketing Specialist,Design Studio,Chennai,Healthcare,Responsible for developing and maintaining software applications.
Marketing Specialist,Tech Solutions,Ahmedabad,Retail,Create visual concepts to communicate ideas.
Software Engineer,Design Studio,Lucknow,Finance,Create visual concepts to communicate ideas.
Marketing Specialist,Design Studio,Hyderabad,Finance,Develop and implement marketing strategies.
Graphic Designer,Tech Solutions,Kolkata,Finance,Responsible for developing and maintaining software applications.
Marketing Specialist,Innovate Ltd.,Hyderabad,Healthcare,Analyze data to provide business insights.
Data Scientist,Tech Solutions,Jaipur,Retail,Develop and implement marketing strategies.
Product Manager,Data Corp,Delhi,IT,Responsible for developing and maintaining software applications.
Data Scientist,Design Studio,Bangalore,IT,Develop and implement marketing strategies.
Software Engineer,Market Experts,Kolkata,Retail,Responsible for developing and maintaining software applications.
Marketing Specialist,Data Corp,Mumbai,Retail,Responsible for developing and maintaining software applications.
Data Scientist,Tech Solutions,Lucknow,Finance,Analyze data to provide business insights.
Software Engineer,Design Studio,Chennai,Retail,Manage product development from ideation to launch.
Product Manager,Tech Solutions,Lucknow,IT,Create visual concepts to communicate ideas.
Product Manager,Data Corp,Mumbai,Finance,Manage product development from ideation to launch.
Data Scientist,Innovate Ltd.,Hyderabad,Healthcare,Create visual concepts to communicate ideas.
Marketing Specialist,Design Studio,Pune,Education,Develop and implement marketing strategies.
Product Manager,Data Corp,Lucknow,IT,Analyze data to provide business insights.
Graphic Designer,Innovate Ltd.,Lucknow,Finance,Create visual concepts to communicate ideas.
Marketing Specialist,Tech Solutions,Pune,Education,Create visual concepts to communicate ideas.
Marketing Specialist,Innovate Ltd.,Ahmedabad,Finance,Responsible for developing and maintaining software applications.
Marketing Specialist,Design Studio,Delhi,Education,Manage product development from ideation to launch.
Software Engineer,Market Experts,Pune,Education,Develop and implement marketing strategies.
Graphic Designer,Innovate Ltd.,Mumbai,IT,Responsible for developing and maintaining software applications.
Software Engineer,Tech Solutions,Hyderabad,IT,Develop and implement marketing strategies.
Software Engineer,Innovate Ltd.,Delhi,Education,Create visual concepts to communicate ideas.
Graphic Designer,Data Corp,Ahmedabad,Finance,Manage product development from ideation to launch.
Marketing Specialist,Tech Solutions,Kolkata,Healthcare,Create visual concepts to communicate ideas.
Software Engineer,Data Corp,Bangalore,IT,Analyze data to provide business insights.
Data Scientist,Market Experts,Bangalore,Retail,Develop and implement marketing strategies.
Data Scientist,Tech Solutions,Delhi,IT,Manage product development from ideation to launch.
Marketing Specialist,Market Experts,Bangalore,Retail,Develop and implement marketing strategies.
Marketing Specialist,Design Studio,Mumbai,Healthcare,Create visual concepts to communicate ideas.
Product Manager,Innovate Ltd.,Mumbai,Retail,Develop and implement marketing strategies.
Product Manager,Tech Solutions,Chennai,Retail,Manage product development from ideation to launch.
Data Scientist,Market Experts,Pune,Education,Responsible for developing and maintaining software applications.
Graphic Designer,Design Studio,Bangalore,Finance,Analyze data to provide business insights.
Software Engineer,Innovate Ltd.,Lucknow,IT,Manage product development from ideation to launch.
Product Manager,Tech Solutions,Chennai,Retail,Create visual concepts to communicate ideas.
Data Scientist,Design Studio,Pune,Education,Analyze data to provide business insights.
Graphic Designer,Innovate Ltd.,Delhi,IT,Manage product development from ideation to launch.
Software Engineer,Design Studio,Pune,Finance,Analyze data to provide business insights.
Marketing Specialist,Design Studio,Chennai,Healthcare,Responsible for developing and maintaining software applications.
Graphic Designer,Market Experts,Delhi,Retail,Create visual concepts to communicate ideas.
Data Scientist,Innovate Ltd.,Ahmedabad,Education,Develop and implement marketing strategies.
Product Manager,Innovate Ltd.,Delhi,Finance,Develop and implement marketing strategies.
Graphic Designer,Data Corp,Ahmedabad,IT,Develop and implement marketing strategies.
Graphic Designer,Market Experts,Mumbai,Finance,Manage product development from ideation to launch.
Data Scientist,Market Experts,Lucknow,Education,Responsible for developing and maintaining software applications.
Marketing Specialist,Innovate Ltd.,Delhi,Healthcare,Develop and implement marketing strategies.
Software Engineer,Innovate Ltd.,Chennai,Healthcare,Responsible for developing and maintaining software applications.
Graphic Designer,Design Studio,Ahmedabad,IT,Develop and implement marketing strategies.
Marketing Specialist,Market Experts,Jaipur,Education,Analyze data to provide business insights.
Marketing Specialist,Market Experts,Kolkata,Healthcare,Responsible for developing and maintaining software applications.
Graphic Designer,Market Experts,Hyderabad,Retail,Responsible for developing and maintaining software applications.
Software Engineer,Innovate Ltd.,Ahmedabad,Finance,Manage product development from ideation to launch.
Data Scientist,Innovate Ltd.,Bangalore,Finance,Analyze data to provide business insights.
Product Manager,Tech Solutions,Ahmedabad,Healthcare,Manage product development from ideation to launch.
Marketing Specialist,Innovate Ltd.,Chennai,IT,Analyze data to provide business insights.
Graphic Designer,Innovate Ltd.,Chennai,Finance,Analyze data to provide business insights.
Product Manager,Tech Solutions,Bangalore,Healthcare,Analyze data to provide business insights.
Data Scientist,Design Studio,Ahmedabad,Retail,Analyze data to provide business insights.
Product Manager,Data Corp,Pune,Healthcare,Create visual concepts to communicate ideas.
Data Scientist,Design Studio,Delhi,Education,Responsible for developing and maintaining software applications.
Marketing Specialist,Tech Solutions,Hyderabad,Education,Manage product development from ideation to launch.
Software Engineer,Design Studio,Pune,IT,Create visual concepts to communicate ideas.
Graphic Designer,Design Studio,Ahmedabad,Education,Create visual concepts to communicate ideas.
Marketing Specialist,Innovate Ltd.,Pune,Finance,Analyze data to provide business insights.
Product Manager,Design Studio,Lucknow,IT,Manage product development from ideation to launch.
Marketing Specialist,Design Studio,Hyderabad,Retail,Create visual concepts to communicate ideas.
Software Engineer,Tech Solutions,Lucknow,Healthcare,Develop and implement marketing strategies.
Product Manager,Innovate Ltd.,Jaipur,Education,Manage product development from ideation to launch.
Marketing Specialist,Market Experts,Hyderabad,Education,Responsible for developing and maintaining software applications.
Data Scientist,Data Corp,Delhi,Finance,Responsible for developing and maintaining software applications.
Software Engineer,Data Corp,Hyderabad,Retail,Develop and implement marketing strategies.
Software Engineer,Design Studio,Chennai,Finance,Develop and implement marketing strategies.
Marketing Specialist,Data Corp,Kolkata,Education,Manage product development from ideation to launch.
Software Engineer,Market Experts,Delhi,Finance,Create visual concepts to communicate ideas.
Product Manager,Design Studio,Lucknow,IT,Develop and implement marketing strategies.
Software Engineer,Tech Solutions,Delhi,Healthcare,Responsible for developing and maintaining software applications.
Software Engineer,Innovate Ltd.,Lucknow,Education,Responsible for developing and maintaining software applications.
Marketing Specialist,Design Studio,Jaipur,Retail,Analyze data to provide business insights.
Software Engineer,Tech Solutions,Bangalore,Retail,Analyze data to provide business insights.
Software Engineer,Design Studio,Bangalore,Finance,Analyze data to provide business insights.
Product Manager,Tech Solutions,Bangalore,Retail,Develop and implement marketing strategies.
Software Engineer,Market Experts,Lucknow,Retail,Analyze data to provide business insights.
Product Manager,Data Corp,Delhi,Retail,Manage product development from ideation to launch.
Data Scientist,Market Experts,Chennai,Finance,Create visual concepts to communicate ideas.
Marketing Specialist,Data Corp,Pune,Retail,Analyze data to provide business insights.
Graphic Designer,Innovate Ltd.,Jaipur,Finance,Create visual concepts to communicate ideas.
Graphic Designer,Data Corp,Kolkata,Finance,Analyze data to provide business insights.
Graphic Designer,Tech Solutions,Lucknow,IT,Create visual concepts to communicate ideas.
Graphic Designer,Data Corp,Chennai,Finance,Responsible for developing and maintaining software applications.
Product Manager,Data Corp,Ahmedabad,Finance,Manage product development from ideation to launch.
Product Manager,Market Experts,Kolkata,Finance,Analyze data to provide business insights.
Product Manager,Data Corp,Bangalore,Finance,Develop and implement marketing strategies.
Software Engineer,Tech Solutions,Delhi,Retail,Create visual concepts to communicate ideas.
Software Engineer,Tech Solutions,Pune,Education,Manage product development from ideation to launch.
Data Scientist,Market Experts,Chennai,Finance,Responsible for developing and maintaining software applications.
Marketing Specialist,Market Experts,Delhi,Healthcare,Analyze data to provide business insights.
Software Engineer,Market Experts,Bangalore,Healthcare,Manage product development from ideation to launch.
Product Manager,Data Corp,Chennai,Healthcare,Manage product development from ideation to launch.
Data Scientist,Tech Solutions,Ahmedabad,Education,Analyze data to provide business insights.
Graphic Designer,Innovate Ltd.,Hyderabad,Education,Develop and implement marketing strategies.
Marketing Specialist,Design Studio,Bangalore,Healthcare,Create visual concepts to communicate ideas.
Software Engineer,Market Experts,Lucknow,Healthcare,Analyze data to provide business insights.
Data Scientist,Data Corp,Lucknow,Retail,Develop and implement marketing strategies.
Marketing Specialist,Tech Solutions,Bangalore,IT,Develop and implement marketing strategies.
Data Scientist,Data Corp,Chennai,Finance,Analyze data to provide business insights.
Software Engineer,Data Corp,Ahmedabad,Education,Develop and implement marketing strategies.
Product Manager,Innovate Ltd.,Mumbai,IT,Develop and implement marketing strategies.
Product Manager,Design Studio,Chennai,Healthcare,Responsible for developing and maintaining software applications.
Marketing Specialist,Data Corp,Kolkata,Retail,Manage product development from ideation to launch.
Marketing Specialist,Tech Solutions,Mumbai,Retail,Develop and implement marketing strategies.
Graphic Designer,Tech Solutions,Lucknow,IT,Create visual concepts to communicate ideas.
Graphic Designer,Design Studio,Hyderabad,Finance,Develop and implement marketing strategies.
Product Manager,Tech Solutions,Jaipur,IT,Develop and implement marketing strategies.
Software Engineer,Innovate Ltd.,Mumbai,Finance,Create visual concepts to communicate ideas.
Graphic Designer,Design Studio,Pune,Finance,Analyze data to provide business insights.
Data Scientist,Market Experts,Jaipur,Finance,Manage product development from ideation to launch.
Product Manager,Data Corp,Mumbai,Retail,Develop and implement marketing strategies.
Graphic Designer,Market Experts,Chennai,IT,Manage product development from ideation to launch.
Software Engineer,Market Experts,Kolkata,Finance,Develop and implement marketing strategies.
Marketing Specialist,Innovate Ltd.,Lucknow,Retail,Analyze data to provide business insights.
Data Scientist,Data Corp,Lucknow,Finance,Responsible for developing and maintaining software applications.
Product Manager,Tech Solutions,Delhi,Finance,Create visual concepts to communicate ideas.
Product Manager,Innovate Ltd.,Jaipur,Retail,Manage product development from ideation to launch.
Data Scientist,Market Experts,Delhi,Education,Develop and implement marketing strategies.
Software Engineer,Tech Solutions,Kolkata,Retail,Create visual concepts to communicate ideas.
Software Engineer,Market Experts,Kolkata,Finance,Analyze data to provide business insights.
Product Manager,Tech Solutions,Mumbai,IT,Create visual concepts to communicate ideas.
Software Engineer,Market Experts,Jaipur,Finance,Analyze data to provide business insights.
Software Engineer,Data Corp,Lucknow,Retail,Analyze data to provide business insights.
Graphic Designer,Innovate Ltd.,Bangalore,IT,Manage product development from ideation to launch.
Graphic Designer,Data Corp,Lucknow,Finance,Analyze data to provide business insights.
Graphic Designer,Data Corp,Bangalore,Finance,Analyze data to provide business insights.
Software Engineer,Innovate Ltd.,Delhi,Retail,Responsible for developing and maintaining software applications.
Data Scientist,Innovate Ltd.,Kolkata,Education,Analyze data to provide business insights.
Data Scientist,Market Experts,Chennai,IT,Create visual concepts to communicate ideas.
Software Engineer,Data Corp,Mumbai,Finance,Responsible for developing and maintaining software applications.
Software Engineer,Innovate Ltd.,Jaipur,Finance,Develop and implement marketing strategies.
Data Scientist,Innovate Ltd.,Delhi,Finance,Manage product development from ideation to launch.
Product Manager,Innovate Ltd.,Delhi,IT,Manage product development from ideation to launch.
Product Manager,Design Studio,Pune,IT,Create visual concepts to communicate ideas.
Graphic Designer,Tech Solutions,Chennai,Healthcare,Responsible for developing and maintaining software applications.
Product Manager,Innovate Ltd.,Hyderabad,IT,Manage product development from ideation to launch.
Graphic Designer,Tech Solutions,Mumbai,Finance,Responsible for developing and maintaining software applications.
Product Manager,Innovate Ltd.,Lucknow,Finance,Develop and implement marketing strategies.
Graphic Designer,Market Experts,Kolkata,Retail,Analyze data to provide business insights.
Product Manager,Innovate Ltd.,Bangalore,IT,Create visual concepts to communicate ideas.
Data Scientist,Market Experts,Chennai,Finance,Responsible for developing and maintaining software applications.
Graphic Designer,Design Studio,Delhi,Retail,Develop and implement marketing strategies.
Software Engineer,Tech Solutions,Pune,IT,Create visual concepts to communicate ideas.
Product Manager,Data Corp,Chennai,Education,Create visual concepts to communicate ideas.
Software Engineer,Design Studio,Chennai,IT,Responsible for developing and maintaining software applications.
Data Scientist,Market Experts,Pune,Healthcare,Develop and implement marketing strategies.
Marketing Specialist,Tech Solutions,Pune,Finance,Manage product development from ideation to launch.
Data Scientist,Tech Solutions,Ahmedabad,IT,Responsible for developing and maintaining software applications.
Data Scientist,Data Corp,Delhi,Retail,Analyze data to provide business insights.
Product Manager,Design Studio,Chennai,Education,Develop and implement marketing strategies.
Data Scientist,Tech Solutions,Mumbai,Healthcare,Responsible for developing and maintaining software applications.
Graphic Designer,Market Experts,Hyderabad,Retail,Responsible for developing and maintaining software applications.
Graphic Designer,Design Studio,Kolkata,Healthcare,Manage product development from ideation to launch.
Graphic Designer,Data Corp,Lucknow,Retail,Responsible for developing and maintaining software applications.
Graphic Designer,Innovate Ltd.,Chennai,Retail,Develop and implement marketing strategies.
Marketing Specialist,Tech Solutions,Pune,IT,Create visual concepts to communicate ideas.
Product Manager,Data Corp,Bangalore,Healthcare,Manage product development from ideation to launch.
Software Engineer,Innovate Ltd.,Jaipur,Retail,Analyze data to provide business insights.
Graphic Designer,Data Corp,Delhi,IT,Manage product development from ideation to launch.
Data Scientist,Data Corp,Ahmedabad,Healthcare,Create visual concepts to communicate ideas.
Graphic Designer,Innovate Ltd.,Hyderabad,Education,Responsible for developing and maintaining software applications.
Marketing Specialist,Design Studio,Mumbai,Retail,Responsible for developing and maintaining software applications.
Graphic Designer,Tech Solutions,Jaipur,Education,Develop and implement marketing strategies.
Product Manager,Innovate Ltd.,Chennai,Retail,Develop and implement marketing strategies.
Marketing Specialist,Design Studio,Kolkata,Retail,Develop and implement marketing strategies.
Software Engineer,Innovate Ltd.,Pune,Finance,Develop and implement marketing strategies.
Graphic Designer,Design Studio,Hyderabad,Retail,Analyze data to provide business insights.
Graphic Designer,Tech Solutions,Jaipur,IT,Analyze data to provide business insights.
Product Manager,Data Corp,Bangalore,Healthcare,Responsible for developing and maintaining software applications.
Marketing Specialist,Data Corp,Pune,Finance,Develop and implement marketing strategies.
Marketing Specialist,Market Experts,Pune,Healthcare,Responsible for developing and maintaining software applications.
Product Manager,Tech Solutions,Pune,Finance,Manage product development from ideation to launch.
Software Engineer,Design Studio,Pune,Healthcare,Develop and implement marketing strategies.
Marketing Specialist,Tech Solutions,Lucknow,Education,Manage product development from ideation to launch.
Software Engineer,Tech Solutions,Mumbai,IT,Analyze data to provide business insights.
Product Manager,Design Studio,Bangalore,IT,Develop and implement marketing strategies.
Software Engineer,Innovate Ltd.,Kolkata,Retail,Responsible for developing and maintaining software applications.
Product Manager,Data Corp,Lucknow,IT,Manage product development from ideation to launch.
Graphic Designer,Design Studio,Lucknow,Education,Analyze data to provide business insights.
Product Manager,Innovate Ltd.,Kolkata,Healthcare,Analyze data to provide business insights.
Data Scientist,Design Studio,Bangalore,Healthcare,Manage product development from ideation to launch.
Marketing Specialist,Tech Solutions,Chennai,Retail,Develop and implement marketing strategies.
Software Engineer,Design Studio,Bangalore,IT,Create visual concepts to communicate ideas.
Product Manager,Market Experts,Chennai,Healthcare,Analyze data to provide business insights.
Software Engineer,Tech Solutions,Pune,Education,Analyze data to provide business insights.
Product Manager,Design Studio,Hyderabad,Education,Create visual concepts to communicate ideas.
Marketing Specialist,Innovate Ltd.,Chennai,IT,Create visual concepts to communicate ideas.
Product Manager,Market Experts,Jaipur,Healthcare,Analyze data to provide business insights.
Product Manager,Market Experts,Kolkata,Healthcare,Responsible for developing and maintaining software applications.
Graphic Designer,Data Corp,Chennai,Finance,Analyze data to provide business insights.
Graphic Designer,Market Experts,Lucknow,Finance,Manage product development from ideation to launch.
Data Scientist,Market Experts,Lucknow,Finance,Manage product development from ideation to launch.
Graphic Designer,Innovate Ltd.,Ahmedabad,Retail,Manage product development from ideation to launch.
Marketing Specialist,Market Experts,Delhi,Retail,Develop and implement marketing strategies.
Product Manager,Tech Solutions,Mumbai,Education,Create visual concepts to communicate ideas.
Graphic Designer,Innovate Ltd.,Delhi,IT,Analyze data to provide business insights.
Graphic Designer,Market Experts,Pune,Healthcare,Manage product development from ideation to launch.
Data Scientist,Design Studio,Delhi,Retail,Manage product development from ideation to launch.
Data Scientist,Market Experts,Chennai,IT,Create visual concepts to communicate ideas.
Graphic Designer,Design Studio,Chennai,Retail,Manage product development from ideation to launch.
Data Scientist,Design Studio,Delhi,Education,Create visual concepts to communicate ideas.
Marketing Specialist,Market Experts,Pune,Retail,Analyze data to provide business insights.
Software Engineer,Design Studio,Ahmedabad,Finance,Analyze data to provide business insights.
Software Engineer,Market Experts,Lucknow,Education,Develop and implement marketing strategies.
Product Manager,Tech Solutions,Kolkata,Education,Create visual concepts to communicate ideas.
Software Engineer,Data Corp,Ahmedabad,Education,Analyze data to provide business insights.
Software Engineer,Tech Solutions,Ahmedabad,Education,Responsible for developing and maintaining software applications.
Graphic Designer,Design Studio,Ahmedabad,Retail,Analyze data to provide business insights.
Graphic Designer,Innovate Ltd.,Bangalore,Healthcare,Manage product development from ideation to launch.
Software Engineer,Market Experts,Hyderabad,Retail,Analyze data to provide business insights.
Graphic Designer,Tech Solutions,Jaipur,Education,Develop and implement marketing strategies.
Graphic Designer,Market Experts,Ahmedabad,Retail,Responsible for developing and maintaining software applications.
Software Engineer,Market Experts,Bangalore,Retail,Analyze data to provide business insights.
Marketing Specialist,Market Experts,Delhi,IT,Develop and implement marketing strategies.
Graphic Designer,Innovate Ltd.,Kolkata,Healthcare,Create visual concepts to communicate ideas.
Graphic Designer,Innovate Ltd.,Ahmedabad,Retail,Responsible for developing and maintaining software applications.
Software Engineer,Innovate Ltd.,Chennai,Finance,Manage product development from ideation to launch.
Product Manager,Innovate Ltd.,Delhi,Retail,Manage product development from ideation to launch.
Software Engineer,Tech Solutions,Delhi,Finance,Create visual concepts to communicate ideas.
Graphic Designer,Innovate Ltd.,Ahmedabad,Retail,Analyze data to provide business insights.
Software Engineer,Data Corp,Kolkata,Healthcare,Create visual concepts to communicate ideas.
Marketing Specialist,Data Corp,Hyderabad,IT,Responsible for developing and maintaining software applications.
Graphic Designer,Tech Solutions,Ahmedabad,Education,Analyze data to provide business insights.
Product Manager,Market Experts,Bangalore,Healthcare,Develop and implement marketing strategies.
Data Scientist,Market Experts,Delhi,Healthcare,Develop and implement marketing strategies.
Graphic Designer,Innovate Ltd.,Kolkata,Healthcare,Manage product development from ideation to launch.
Marketing Specialist,Tech Solutions,Lucknow,Healthcare,Develop and implement marketing strategies.
Data Scientist,Innovate Ltd.,Jaipur,IT,Manage product development from ideation to launch.
Marketing Specialist,Innovate Ltd.,Kolkata,IT,Develop and implement marketing strategies.
Software Engineer,Market Experts,Hyderabad,Finance,Manage product development from ideation to launch.
Product Manager,Market Experts,Delhi,Finance,Create visual concepts to communicate ideas.
Data Scientist,Innovate Ltd.,Jaipur,Finance,Manage product development from ideation to launch.
Data Scientist,Innovate Ltd.,Delhi,Retail,Develop and implement marketing strategies.
Software Engineer,Innovate Ltd.,Lucknow,IT,Responsible for developing and maintaining software applications.
Marketing Specialist,Innovate Ltd.,Ahmedabad,Finance,Develop and implement marketing strategies.
Data Scientist,Market Experts,Jaipur,Finance,Develop and implement marketing strategies.
Marketing Specialist,Market Experts,Bangalore,Finance,Develop and implement marketing strategies.
Data Scientist,Design Studio,Pune,Finance,Analyze data to provide business insights.
Data Scientist,Market Experts,Lucknow,Education,Analyze data to provide business insights.
Graphic Designer,Innovate Ltd.,Chennai,Finance,Develop and implement marketing strategies.
Marketing Specialist,Tech Solutions,Jaipur,IT,Responsible for developing and maintaining software applications.
Marketing Specialist,Design Studio,Mumbai,Finance,Develop and implement marketing strategies.
Data Scientist,Market Experts,Bangalore,Retail,Manage product development from ideation to launch.
Marketing Specialist,Data Corp,Delhi,Finance,Manage product development from ideation to launch.
Graphic Designer,Data Corp,Jaipur,Retail,Responsible for developing and maintaining software applications.
Graphic Designer,Design Studio,Pune,Healthcare,Manage product development from ideation to launch.
Product Manager,Data Corp,Jaipur,Healthcare,Create visual concepts to communicate ideas.
Data Scientist,Data Corp,Jaipur,Healthcare,Create visual concepts to communicate ideas.
Data Scientist,Market Experts,Chennai,Finance,Manage product development from ideation to launch.
Software Engineer,Market Experts,Delhi,IT,Create visual concepts to communicate ideas.
Marketing Specialist,Design Studio,Ahmedabad,Retail,Responsible for developing and maintaining software applications.
Marketing Specialist,Tech Solutions,Jaipur,Finance,Analyze data to provide business insights.
Graphic Designer,Design Studio,Mumbai,Healthcare,Analyze data to provide business insights.
Software Engineer,Design Studio,Jaipur,Finance,Develop and implement marketing strategies.
Software Engineer,Market Experts,Chennai,Education,Analyze data to provide business insights.
Graphic Designer,Market Experts,Delhi,Education,Responsible for developing and maintaining software applications.
Product Manager,Data Corp,Kolkata,Finance,Analyze data to provide business insights.
Graphic Designer,Innovate Ltd.,Chennai,Finance,Responsible for developing and maintaining software applications.
Marketing Specialist,Tech Solutions,Jaipur,Healthcare,Responsible for developing and maintaining software applications.
Product Manager,Data Corp,Hyderabad,Retail,Manage product development from ideation to launch.
Graphic Designer,Design Studio,Ahmedabad,Education,Create visual concepts to communicate ideas.
Product Manager,Market Experts,Pune,Retail,Responsible for developing and maintaining software applications.
Marketing Specialist,Market Experts,Pune,Healthcare,Analyze data to provide business insights.
Data Scientist,Innovate Ltd.,Chennai,IT,Manage product development from ideation to launch.
Product Manager,Design Studio,Ahmedabad,Retail,Develop and implement marketing strategies.
Graphic Designer,Design Studio,Hyderabad,Retail,Develop and implement marketing strategies.
Graphic Designer,Market Experts,Mumbai,IT,Manage product development from ideation to launch.
Marketing Specialist,Design Studio,Delhi,Healthcare,Analyze data to provide business insights.
Data Scientist,Design Studio,Kolkata,Finance,Analyze data to provide business insights.
Marketing Specialist,Tech Solutions,Mumbai,Retail,Responsible for developing and maintaining software applications.
Graphic Designer,Data Corp,Lucknow,Finance,Responsible for developing and maintaining software applications.
Marketing Specialist,Data Corp,Bangalore,Education,Create visual concepts to communicate ideas.
Software Engineer,Tech Solutions,Kolkata,Healthcare,Manage product development from ideation to launch.
Product Manager,Data Corp,Bangalore,Retail,Manage product development from ideation to launch.
Software Engineer,Data Corp,Delhi,Finance,Create visual concepts to communicate ideas.
Graphic Designer,Tech Solutions,Pune,IT,Develop and implement marketing strategies.
